group,variable,measure,unit,apt_factor_family,use,shock_kind,y1,y2,y3,y4,y5,run1_endY1,run2_endY2_peak,run3_endY3,run4_endY4,run5_endY5
UK macro,UK real GDP,Annual change,%,n/a — macro,Engine 2 input,shock (cumulative change vs jump-off),-0.02,-0.02,0.007,0.007,0.007,-0.02,-0.0396,-0.032877,-0.026107,-0.01929
UK macro,UK nominal GDP,Annual change,%,n/a — macro,Engine 2 input,shock (cumulative change vs jump-off),-0.015,-0.015,0.015,0.03,0.035,-0.015,-0.029775,-0.015222,0.014322,0.049823
UK macro,UK unemployment rate,Annual average level,%,n/a — macro,Engine 2 input,stressed LEVEL (subtract jump-off),0.052,0.064,0.075,0.072,0.069,0.058,0.064,0.075,0.072,0.069
UK macro,UK house prices,Annual change,%,n/a — macro,Engine 2 input,shock (cumulative change vs jump-off),-0.05,-0.12,-0.11,0.02,0.07,-0.05,-0.164,-0.25596,-0.241079,-0.187955
UK macro,UK commercial real estate prices,Annual change,%,n/a — macro,Engine 2 input,shock (cumulative change vs jump-off),-0.13,-0.21,-0.01,0.07,0.07,-0.13,-0.3127,-0.319573,-0.271943,-0.220979
UK macro,UK CPI,Annual change,%,n/a — macro,Engine 2 input,shock (cumulative change vs jump-off),0.07,0.045,0.027,0.023,0.02,0.07,0.11815,0.14834,0.174752,0.198247
UK macro,Bank Rate,Annual average level,%,Policy rate (captured via SONIA/SOFR/Euribor o/n),Reference only,stressed LEVEL (subtract jump-off),0.06,0.07,0.06,0.05,0.04,0.065,0.07,0.06,0.05,0.04
US macro,US real GDP,Annual change,%,n/a — macro,Engine 2 input,shock (cumulative change vs jump-off),-0.015,-0.015,0.007,0.007,0.007,-0.015,-0.029775,-0.022983,-0.016144,-0.009257
US macro,US unemployment rate,Annual average level,%,n/a — macro,Engine 2 input,stressed LEVEL (subtract jump-off),0.048,0.067,0.08,0.074,0.068,0.0575,0.067,0.08,0.074,0.068
US macro,US house prices,Annual change,%,n/a — macro,Engine 2 input,shock (cumulative change vs jump-off),-0.04,-0.1,-0.11,0.01,0.1,-0.04,-0.136,-0.23104,-0.22335,-0.145685
US macro,US commercial real estate prices,Annual change,%,n/a — macro,Engine 2 input,shock (cumulative change vs jump-off),-0.16,-0.25,-0.06,0.14,0.14,-0.16,-0.37,-0.4078,-0.324892,-0.230377
US macro,US PCE price index,Annual change,%,n/a — macro,Engine 2 input,shock (cumulative change vs jump-off),0.052,0.038,0.027,0.023,0.02,0.052,0.091976,0.121459,0.147253,0.170198
US macro,US policy rate,Annual average level,%,Policy rate (captured via SONIA/SOFR/Euribor o/n),Reference only,stressed LEVEL (subtract jump-off),0.06,0.07,0.06,0.05,0.04,0.065,0.07,0.06,0.05,0.04
Euro area macro,Euro area real GDP,Annual change,%,n/a — macro,Engine 2 input,shock (cumulative change vs jump-off),-0.015,-0.015,0.006,0.006,0.006,-0.015,-0.029775,-0.023954,-0.018097,-0.012206
Euro area macro,Euro area unemployment rate,Annual average level,%,n/a — macro,Engine 2 input,stressed LEVEL (subtract jump-off),0.069,0.086,0.1,0.095,0.091,0.0775,0.086,0.1,0.095,0.091
Euro area macro,Euro area house prices,Annual change,%,n/a — macro,Engine 2 input,shock (cumulative change vs jump-off),-0.02,-0.08,-0.09,0.0,0.07,-0.02,-0.0984,-0.179544,-0.179544,-0.122112
Euro area macro,Euro area commercial real estate prices,Annual change,%,n/a — macro,Engine 2 input,shock (cumulative change vs jump-off),-0.14,-0.23,-0.06,0.11,0.11,-0.14,-0.3378,-0.377532,-0.309061,-0.233057
Euro area macro,Euro area HICP,Annual change,%,n/a — macro,Engine 2 input,shock (cumulative change vs jump-off),0.06,0.042,0.027,0.023,0.02,0.06,0.10452,0.134342,0.160432,0.183641
Euro area macro,ECB policy rate,Annual average level,%,Policy rate (captured via SONIA/SOFR/Euribor o/n),Reference only,stressed LEVEL (subtract jump-off),0.04,0.05,0.04,0.03,0.02,0.045,0.05,0.04,0.03,0.02
Commodity prices,Brent crude oil price,Annual average level,US dollars per barrel,Commodity factor (Brent),APT factor,stressed LEVEL (subtract jump-off),125.0,155.0,140.0,125.0,110.0,140.0,155.0,140.0,125.0,110.0
Corporate bond spreads,Sterling IG corporate bond spread,Annual change,Basis points,Credit spread factor — GBP by rating,APT factor,shock (cumulative change vs jump-off),120.0,110.0,-50.0,-50.0,-50.0,120.0,230.0,180.0,130.0,80.0
Corporate bond spreads,Sterling AAA corporate bond spread,Annual change,Basis points,Credit spread factor — GBP by rating,APT factor,shock (cumulative change vs jump-off),50.0,40.0,-20.0,-20.0,-20.0,50.0,90.0,70.0,50.0,30.0
Corporate bond spreads,Sterling AA corporate bond spread,Annual change,Basis points,Credit spread factor — GBP by rating,APT factor,shock (cumulative change vs jump-off),100.0,70.0,-40.0,-40.0,-40.0,100.0,170.0,130.0,90.0,50.0
Corporate bond spreads,Sterling A corporate bond spread,Annual change,Basis points,Credit spread factor — GBP by rating,APT factor,shock (cumulative change vs jump-off),140.0,110.0,-60.0,-60.0,-60.0,140.0,250.0,190.0,130.0,70.0
Corporate bond spreads,Sterling BBB corporate bond spread,Annual change,Basis points,Credit spread factor — GBP by rating,APT factor,shock (cumulative change vs jump-off),180.0,150.0,-70.0,-70.0,-70.0,180.0,330.0,260.0,190.0,120.0
Corporate bond spreads,Sterling HY corporate bond spread,Annual change,Basis points,Credit spread factor — GBP by rating,APT factor,shock (cumulative change vs jump-off),390.0,400.0,-200.0,-200.0,-200.0,390.0,790.0,590.0,390.0,190.0
Corporate bond spreads,Sterling BB corporate bond spread,Annual change,Basis points,Credit spread factor — GBP by rating,APT factor,shock (cumulative change vs jump-off),370.0,310.0,-160.0,-160.0,-160.0,370.0,680.0,520.0,360.0,200.0
Corporate bond spreads,Sterling B corporate bond spread,Annual change,Basis points,Credit spread factor — GBP by rating,APT factor,shock (cumulative change vs jump-off),440.0,420.0,-210.0,-210.0,-210.0,440.0,860.0,650.0,440.0,230.0
Corporate bond spreads,Sterling CCC corporate bond spread,Annual change,Basis points,Credit spread factor — GBP by rating,APT factor,shock (cumulative change vs jump-off),380.0,380.0,-360.0,-360.0,-360.0,380.0,760.0,400.0,40.0,-320.0
Corporate bond spreads,US dollar IG corporate bond spread,Annual change,Basis points,Credit spread factor — USD by rating,APT factor,shock (cumulative change vs jump-off),130.0,110.0,-50.0,-50.0,-50.0,130.0,240.0,190.0,140.0,90.0
Corporate bond spreads,US dollar AAA corporate bond spread,Annual change,Basis points,Credit spread factor — USD by rating,APT factor,shock (cumulative change vs jump-off),50.0,40.0,-20.0,-20.0,-20.0,50.0,90.0,70.0,50.0,30.0
Corporate bond spreads,US dollar AA corporate bond spread,Annual change,Basis points,Credit spread factor — USD by rating,APT factor,shock (cumulative change vs jump-off),100.0,70.0,-40.0,-40.0,-40.0,100.0,170.0,130.0,90.0,50.0
Corporate bond spreads,US dollar A corporate bond spread,Annual change,Basis points,Credit spread factor — USD by rating,APT factor,shock (cumulative change vs jump-off),150.0,110.0,-60.0,-60.0,-60.0,150.0,260.0,200.0,140.0,80.0
Corporate bond spreads,US dollar BBB corporate bond spread,Annual change,Basis points,Credit spread factor — USD by rating,APT factor,shock (cumulative change vs jump-off),190.0,150.0,-70.0,-70.0,-70.0,190.0,340.0,270.0,200.0,130.0
Corporate bond spreads,US dollar HY corporate bond spread,Annual change,Basis points,Credit spread factor — USD by rating,APT factor,shock (cumulative change vs jump-off),490.0,400.0,-200.0,-200.0,-200.0,490.0,890.0,690.0,490.0,290.0
Corporate bond spreads,US dollar BB corporate bond spread,Annual change,Basis points,Credit spread factor — USD by rating,APT factor,shock (cumulative change vs jump-off),440.0,310.0,-160.0,-160.0,-160.0,440.0,750.0,590.0,430.0,270.0
Corporate bond spreads,US dollar B corporate bond spread,Annual change,Basis points,Credit spread factor — USD by rating,APT factor,shock (cumulative change vs jump-off),530.0,420.0,-210.0,-210.0,-210.0,530.0,950.0,740.0,530.0,320.0
Corporate bond spreads,US dollar CCC corporate bond spread,Annual change,Basis points,Credit spread factor — USD by rating,APT factor,shock (cumulative change vs jump-off),600.0,720.0,-360.0,-360.0,-360.0,600.0,1320.0,960.0,600.0,240.0
Sector revenues,UK average revenue - Aggregate,Annual change,%,n/a — borrower fundamentals,Engine 2 input,shock (cumulative change vs jump-off),-0.05,-0.05,0.04,0.05,0.06,-0.05,-0.0975,-0.0614,-0.01447,0.044662
Sector revenues,UK average revenue - Consumer Discretionary,Annual change,%,n/a — borrower fundamentals,Engine 2 input,shock (cumulative change vs jump-off),-0.1,-0.11,0.11,0.1,0.08,-0.1,-0.199,-0.11089,-0.021979,0.056263
Sector revenues,UK average revenue - Consumer Staples,Annual change,%,n/a — borrower fundamentals,Engine 2 input,shock (cumulative change vs jump-off),-0.05,-0.05,0.04,0.05,0.04,-0.05,-0.0975,-0.0614,-0.01447,0.024951
Sector revenues,UK average revenue - Energy,Annual change,%,n/a — borrower fundamentals,Engine 2 input,shock (cumulative change vs jump-off),0.08,0.07,-0.02,-0.01,-0.02,0.08,0.1556,0.132488,0.121163,0.09874
Sector revenues,UK average revenue - Financial Services,Annual change,%,n/a — borrower fundamentals,Engine 2 input,shock (cumulative change vs jump-off),-0.1,-0.11,0.05,0.06,0.05,-0.1,-0.199,-0.15895,-0.108487,-0.063911
Sector revenues,UK average revenue - Health Care,Annual change,%,n/a — borrower fundamentals,Engine 2 input,shock (cumulative change vs jump-off),-0.05,-0.05,0.04,0.05,0.04,-0.05,-0.0975,-0.0614,-0.01447,0.024951
Sector revenues,UK average revenue - Industrial,Annual change,%,n/a — borrower fundamentals,Engine 2 input,shock (cumulative change vs jump-off),-0.1,-0.11,0.11,0.1,0.08,-0.1,-0.199,-0.11089,-0.021979,0.056263
Sector revenues,UK average revenue - Materials,Annual change,%,n/a — borrower fundamentals,Engine 2 input,shock (cumulative change vs jump-off),-0.05,-0.05,0.04,0.05,0.04,-0.05,-0.0975,-0.0614,-0.01447,0.024951
Sector revenues,UK average revenue - Real Estate,Annual change,%,n/a — borrower fundamentals,Engine 2 input,shock (cumulative change vs jump-off),-0.1,-0.11,0.11,0.1,0.08,-0.1,-0.199,-0.11089,-0.021979,0.056263
Sector revenues,UK average revenue - Technology,Annual change,%,n/a — borrower fundamentals,Engine 2 input,shock (cumulative change vs jump-off),-0.1,-0.11,0.05,0.06,0.05,-0.1,-0.199,-0.15895,-0.108487,-0.063911
Sector revenues,UK average revenue - Telecom,Annual change,%,n/a — borrower fundamentals,Engine 2 input,shock (cumulative change vs jump-off),-0.05,-0.05,0.04,0.05,0.04,-0.05,-0.0975,-0.0614,-0.01447,0.024951
Sector revenues,UK average revenue - Utilities,Annual change,%,n/a — borrower fundamentals,Engine 2 input,shock (cumulative change vs jump-off),0.02,0.03,-0.01,0.0,-0.01,0.02,0.0506,0.040094,0.040094,0.029693
Sector revenues,US average revenue - Aggregate,Annual change,%,n/a — borrower fundamentals,Engine 2 input,shock (cumulative change vs jump-off),-0.05,-0.05,0.04,0.05,0.06,-0.05,-0.0975,-0.0614,-0.01447,0.044662
Sector revenues,US average revenue - Consumer Discretionary,Annual change,%,n/a — borrower fundamentals,Engine 2 input,shock (cumulative change vs jump-off),-0.1,-0.11,0.11,0.1,0.08,-0.1,-0.199,-0.11089,-0.021979,0.056263
Sector revenues,US average revenue - Consumer Staples,Annual change,%,n/a — borrower fundamentals,Engine 2 input,shock (cumulative change vs jump-off),-0.05,-0.05,0.04,0.05,0.04,-0.05,-0.0975,-0.0614,-0.01447,0.024951
Sector revenues,US average revenue - Energy,Annual change,%,n/a — borrower fundamentals,Engine 2 input,shock (cumulative change vs jump-off),0.15,0.13,-0.02,-0.03,-0.02,0.15,0.2995,0.27351,0.235305,0.210599
Sector revenues,US average revenue - Financial Services,Annual change,%,n/a — borrower fundamentals,Engine 2 input,shock (cumulative change vs jump-off),-0.1,-0.11,0.05,0.06,0.05,-0.1,-0.199,-0.15895,-0.108487,-0.063911
Sector revenues,US average revenue - Health Care,Annual change,%,n/a — borrower fundamentals,Engine 2 input,shock (cumulative change vs jump-off),-0.05,-0.05,0.04,0.05,0.04,-0.05,-0.0975,-0.0614,-0.01447,0.024951
Sector revenues,US average revenue - Industrial,Annual change,%,n/a — borrower fundamentals,Engine 2 input,shock (cumulative change vs jump-off),-0.1,-0.11,0.11,0.1,0.08,-0.1,-0.199,-0.11089,-0.021979,0.056263
Sector revenues,US average revenue - Materials,Annual change,%,n/a — borrower fundamentals,Engine 2 input,shock (cumulative change vs jump-off),-0.05,-0.05,0.04,0.05,0.04,-0.05,-0.0975,-0.0614,-0.01447,0.024951
Sector revenues,US average revenue - Real Estate,Annual change,%,n/a — borrower fundamentals,Engine 2 input,shock (cumulative change vs jump-off),-0.1,-0.11,0.11,0.1,0.08,-0.1,-0.199,-0.11089,-0.021979,0.056263
Sector revenues,US average revenue - Technology,Annual change,%,n/a — borrower fundamentals,Engine 2 input,shock (cumulative change vs jump-off),-0.1,-0.11,0.05,0.06,0.05,-0.1,-0.199,-0.15895,-0.108487,-0.063911
Sector revenues,US average revenue - Telecom,Annual change,%,n/a — borrower fundamentals,Engine 2 input,shock (cumulative change vs jump-off),-0.05,-0.05,0.04,0.05,0.04,-0.05,-0.0975,-0.0614,-0.01447,0.024951
Sector revenues,US average revenue - Utilities,Annual change,%,n/a — borrower fundamentals,Engine 2 input,shock (cumulative change vs jump-off),0.05,0.05,-0.01,-0.01,-0.01,0.05,0.1025,0.091475,0.08056,0.069755
Equity prices,FTSE All-Share,Annual change,%,Equity index / industry factor,APT factor,shock (cumulative change vs jump-off),-0.31,-0.06,0.11,0.11,0.13,-0.31,-0.3514,-0.280054,-0.20086,-0.096972
Equity prices,FTSE 350,Annual change,%,Equity index / industry factor,APT factor,shock (cumulative change vs jump-off),-0.31,-0.06,0.11,0.11,0.13,-0.31,-0.3514,-0.280054,-0.20086,-0.096972
Equity prices,FTSE 350 - Consumer Discretionary,Annual change,%,Equity index / industry factor,APT factor,shock (cumulative change vs jump-off),-0.35,-0.08,0.15,0.13,0.15,-0.35,-0.402,-0.3123,-0.222899,-0.106334
Equity prices,FTSE 350 - Consumer Staples,Annual change,%,Equity index / industry factor,APT factor,shock (cumulative change vs jump-off),-0.3,-0.07,0.11,0.1,0.13,-0.3,-0.349,-0.27739,-0.205129,-0.101796
Equity prices,FTSE 350 - Energy,Annual change,%,Equity index / industry factor,APT factor,shock (cumulative change vs jump-off),0.14,0.05,0.02,0.02,0.05,0.14,0.197,0.22094,0.245359,0.307627
Equity prices,FTSE 350 - Financial Services,Annual change,%,Equity index / industry factor,APT factor,shock (cumulative change vs jump-off),-0.41,-0.15,0.18,0.14,0.15,-0.41,-0.4985,-0.40823,-0.325382,-0.22419
Equity prices,FTSE 350 - Health Care,Annual change,%,Equity index / industry factor,APT factor,shock (cumulative change vs jump-off),-0.3,-0.07,0.11,0.1,0.13,-0.3,-0.349,-0.27739,-0.205129,-0.101796
Equity prices,FTSE 350 - Industrial,Annual change,%,Equity index / industry factor,APT factor,shock (cumulative change vs jump-off),-0.41,-0.15,0.26,0.19,0.2,-0.41,-0.4985,-0.36811,-0.248051,-0.097661
Equity prices,FTSE 350 - Materials,Annual change,%,Equity index / industry factor,APT factor,shock (cumulative change vs jump-off),-0.33,-0.03,0.08,0.11,0.13,-0.33,-0.3501,-0.298108,-0.2209,-0.119617
Equity prices,FTSE 350 - Real Estate,Annual change,%,Equity index / industry factor,APT factor,shock (cumulative change vs jump-off),-0.44,-0.11,0.22,0.21,0.22,-0.44,-0.5016,-0.391952,-0.264262,-0.1024
Equity prices,FTSE 350 - Technology,Annual change,%,Equity index / industry factor,APT factor,shock (cumulative change vs jump-off),-0.44,-0.11,0.12,0.16,0.15,-0.44,-0.5016,-0.441792,-0.352479,-0.255351
Equity prices,FTSE 350 - Telecom,Annual change,%,Equity index / industry factor,APT factor,shock (cumulative change vs jump-off),-0.31,-0.06,0.11,0.1,0.11,-0.31,-0.3514,-0.280054,-0.208059,-0.120946
Equity prices,FTSE 350 - Utilities,Annual change,%,Equity index / industry factor,APT factor,shock (cumulative change vs jump-off),0.03,0.02,0.04,0.03,0.04,0.03,0.0506,0.092624,0.125403,0.170419
Equity prices,S&P 500,Annual change,%,Equity index / industry factor,APT factor,shock (cumulative change vs jump-off),-0.36,-0.06,0.12,0.12,0.13,-0.36,-0.3984,-0.326208,-0.245353,-0.147249
Equity prices,S&P 500 - Consumer Discretionary,Annual change,%,Equity index / industry factor,APT factor,shock (cumulative change vs jump-off),-0.42,-0.05,0.18,0.18,0.19,-0.42,-0.449,-0.34982,-0.232788,-0.087017
Equity prices,S&P 500 - Consumer Staples,Annual change,%,Equity index / industry factor,APT factor,shock (cumulative change vs jump-off),-0.28,-0.03,0.06,0.07,0.08,-0.28,-0.3016,-0.259696,-0.207875,-0.144505
Equity prices,S&P 500 - Energy,Annual change,%,Equity index / industry factor,APT factor,shock (cumulative change vs jump-off),0.3,0.12,0.0,0.01,0.04,0.3,0.456,0.456,0.47056,0.529382
Equity prices,S&P 500 - Financial Services,Annual change,%,Equity index / industry factor,APT factor,shock (cumulative change vs jump-off),-0.44,-0.11,0.16,0.14,0.17,-0.44,-0.5016,-0.421856,-0.340916,-0.228872
Equity prices,S&P 500 - Health Care,Annual change,%,Equity index / industry factor,APT factor,shock (cumulative change vs jump-off),-0.28,-0.03,0.06,0.07,0.08,-0.28,-0.3016,-0.259696,-0.207875,-0.144505
Equity prices,S&P 500 - Industrial,Annual change,%,Equity index / industry factor,APT factor,shock (cumulative change vs jump-off),-0.36,-0.06,0.15,0.16,0.16,-0.36,-0.3984,-0.30816,-0.197466,-0.06906
Equity prices,S&P 500 - Materials,Annual change,%,Equity index / industry factor,APT factor,shock (cumulative change vs jump-off),-0.3,0.0,0.03,0.07,0.09,-0.3,-0.3,-0.279,-0.22853,-0.159098
Equity prices,S&P 500 - Real Estate,Annual change,%,Equity index / industry factor,APT factor,shock (cumulative change vs jump-off),-0.42,-0.05,0.18,0.18,0.19,-0.42,-0.449,-0.34982,-0.232788,-0.087017
Equity prices,S&P 500 - Technology,Annual change,%,Equity index / industry factor,APT factor,shock (cumulative change vs jump-off),-0.43,-0.12,0.16,0.16,0.15,-0.43,-0.4984,-0.418144,-0.325047,-0.223804
Equity prices,S&P 500 - Telecom,Annual change,%,Equity index / industry factor,APT factor,shock (cumulative change vs jump-off),-0.35,-0.08,0.12,0.09,0.12,-0.35,-0.402,-0.33024,-0.269962,-0.182357
Equity prices,S&P 500 - Utilities,Annual change,%,Equity index / industry factor,APT factor,shock (cumulative change vs jump-off),0.01,0.04,0.02,0.02,0.04,0.01,0.0504,0.071408,0.092836,0.13655
Equity prices,CBOE Volatility Index,Annual average level,Units,Volatility factor (VIX),APT factor,stressed LEVEL (subtract jump-off),40.0,25.0,25.0,25.0,20.0,40.0,25.0,25.0,25.0,20.0
Equity multiples,UK EV/EBITDA - Aggregate,Annual change,%,n/a — valuation multiple,Engine 2 input (LTV / equity cushion),shock (cumulative change vs jump-off),-0.26,0.04,0.04,0.03,0.03,-0.26,-0.2304,-0.199616,-0.175604,-0.150873
Equity multiples,UK EV/EBITDA - Consumer Discretionary,Annual change,%,n/a — valuation multiple,Engine 2 input (LTV / equity cushion),shock (cumulative change vs jump-off),-0.25,0.03,0.03,0.03,0.03,-0.25,-0.2275,-0.204325,-0.180455,-0.155868
Equity multiples,UK EV/EBITDA - Consumer Staples,Annual change,%,n/a — valuation multiple,Engine 2 input (LTV / equity cushion),shock (cumulative change vs jump-off),-0.25,0.0,0.05,0.05,0.04,-0.25,-0.25,-0.2125,-0.173125,-0.14005
Equity multiples,UK EV/EBITDA - Energy,Annual change,%,n/a — valuation multiple,Engine 2 input (LTV / equity cushion),shock (cumulative change vs jump-off),0.0,0.0,0.05,0.05,0.05,0.0,0.0,0.05,0.1025,0.157625
Equity multiples,UK EV/EBITDA - Financial Services,Annual change,%,n/a — valuation multiple,Engine 2 input (LTV / equity cushion),shock (cumulative change vs jump-off),-0.32,0.0,0.08,0.08,0.07,-0.32,-0.32,-0.2656,-0.206848,-0.151327
Equity multiples,UK EV/EBITDA - Health Care,Annual change,%,n/a — valuation multiple,Engine 2 input (LTV / equity cushion),shock (cumulative change vs jump-off),-0.25,0.0,0.05,0.05,0.04,-0.25,-0.25,-0.2125,-0.173125,-0.14005
Equity multiples,UK EV/EBITDA - Industrial,Annual change,%,n/a — valuation multiple,Engine 2 input (LTV / equity cushion),shock (cumulative change vs jump-off),-0.32,0.0,0.08,0.07,0.07,-0.32,-0.32,-0.2656,-0.214192,-0.159185
Equity multiples,UK EV/EBITDA - Materials,Annual change,%,n/a — valuation multiple,Engine 2 input (LTV / equity cushion),shock (cumulative change vs jump-off),-0.28,0.05,0.04,0.04,0.04,-0.28,-0.244,-0.21376,-0.18231,-0.149603
Equity multiples,UK EV/EBITDA - Real Estate,Annual change,%,n/a — valuation multiple,Engine 2 input (LTV / equity cushion),shock (cumulative change vs jump-off),-0.36,0.07,0.07,0.06,0.06,-0.36,-0.3152,-0.267264,-0.2233,-0.176698
Equity multiples,UK EV/EBITDA - Technology,Annual change,%,n/a — valuation multiple,Engine 2 input (LTV / equity cushion),shock (cumulative change vs jump-off),-0.36,0.07,0.07,0.06,0.06,-0.36,-0.3152,-0.267264,-0.2233,-0.176698
Equity multiples,UK EV/EBITDA - Telecom,Annual change,%,n/a — valuation multiple,Engine 2 input (LTV / equity cushion),shock (cumulative change vs jump-off),-0.26,0.04,0.04,0.03,0.03,-0.26,-0.2304,-0.199616,-0.175604,-0.150873
Equity multiples,UK EV/EBITDA -  Utilities,Annual change,%,n/a — valuation multiple,Engine 2 input (LTV / equity cushion),shock (cumulative change vs jump-off),-0.01,0.0,0.05,0.05,0.04,-0.01,-0.01,0.0395,0.091475,0.135134
Equity multiples,US EV/EBITDA - Aggregate,Annual change,%,n/a — valuation multiple,Engine 2 input (LTV / equity cushion),shock (cumulative change vs jump-off),-0.32,0.04,0.04,0.04,0.04,-0.32,-0.2928,-0.264512,-0.235092,-0.204496
Equity multiples,US EV/EBITDA - Consumer Discretionary,Annual change,%,n/a — valuation multiple,Engine 2 input (LTV / equity cushion),shock (cumulative change vs jump-off),-0.33,0.07,0.07,0.06,0.06,-0.33,-0.2831,-0.232917,-0.186892,-0.138106
Equity multiples,US EV/EBITDA - Consumer Staples,Annual change,%,n/a — valuation multiple,Engine 2 input (LTV / equity cushion),shock (cumulative change vs jump-off),-0.23,0.02,0.02,0.02,0.01,-0.23,-0.2146,-0.198892,-0.18287,-0.174699
Equity multiples,US EV/EBITDA - Energy,Annual change,%,n/a — valuation multiple,Engine 2 input (LTV / equity cushion),shock (cumulative change vs jump-off),0.04,0.0,0.05,0.05,0.05,0.04,0.04,0.092,0.1466,0.20393
Equity multiples,US EV/EBITDA - Financial Services,Annual change,%,n/a — valuation multiple,Engine 2 input (LTV / equity cushion),shock (cumulative change vs jump-off),-0.36,0.08,0.07,0.07,0.06,-0.36,-0.3088,-0.260416,-0.208645,-0.161164
Equity multiples,US EV/EBITDA - Health Care,Annual change,%,n/a — valuation multiple,Engine 2 input (LTV / equity cushion),shock (cumulative change vs jump-off),-0.23,0.02,0.02,0.02,0.01,-0.23,-0.2146,-0.198892,-0.18287,-0.174699
Equity multiples,US EV/EBITDA - Industrial,Annual change,%,n/a — valuation multiple,Engine 2 input (LTV / equity cushion),shock (cumulative change vs jump-off),-0.26,0.04,0.04,0.04,0.04,-0.26,-0.2304,-0.199616,-0.167601,-0.134305
Equity multiples,US EV/EBITDA - Materials,Annual change,%,n/a — valuation multiple,Engine 2 input (LTV / equity cushion),shock (cumulative change vs jump-off),-0.25,0.02,0.02,0.02,0.02,-0.25,-0.235,-0.2197,-0.204094,-0.188176
Equity multiples,US EV/EBITDA - Real Estate,Annual change,%,n/a — valuation multiple,Engine 2 input (LTV / equity cushion),shock (cumulative change vs jump-off),-0.33,0.07,0.07,0.06,0.06,-0.33,-0.2831,-0.232917,-0.186892,-0.138106
Equity multiples,US EV/EBITDA - Technology,Annual change,%,n/a — valuation multiple,Engine 2 input (LTV / equity cushion),shock (cumulative change vs jump-off),-0.34,0.07,0.07,0.06,0.06,-0.34,-0.2938,-0.244366,-0.199028,-0.15097
Equity multiples,US EV/EBITDA - Telecom,Annual change,%,n/a — valuation multiple,Engine 2 input (LTV / equity cushion),shock (cumulative change vs jump-off),-0.3,-0.01,0.05,0.05,0.04,-0.3,-0.307,-0.27235,-0.235967,-0.205406
Equity multiples,US EV/EBITDA - Utilities,Annual change,%,n/a — valuation multiple,Engine 2 input (LTV / equity cushion),shock (cumulative change vs jump-off),-0.07,0.0,0.04,0.04,0.04,-0.07,-0.07,-0.0328,0.005888,0.046124
Leveraged loan indices (LLIs),Morningstar LSTA US Leveraged Loan price index,Annual change,%,Loan price index,Cross-check vs FRN revaluation,shock (cumulative change vs jump-off),-0.28,-0.1,0.11,0.11,0.11,-0.28,-0.352,-0.28072,-0.201599,-0.113775
Leveraged loan indices (LLIs),Morningstar LSTA US BB Ratings Loan price index,Annual change,%,Loan price index,Cross-check vs FRN revaluation,shock (cumulative change vs jump-off),-0.23,-0.06,0.1,0.1,0.1,-0.23,-0.2762,-0.20382,-0.124202,-0.036622
Leveraged loan indices (LLIs),Morningstar European Leveraged Loan price index,Annual change,%,Loan price index,Cross-check vs FRN revaluation,shock (cumulative change vs jump-off),-0.28,-0.1,0.11,0.11,0.11,-0.28,-0.352,-0.28072,-0.201599,-0.113775
Leveraged loan indices (LLIs),Morningstar European BB Ratings Loan price index,Annual change,%,Loan price index,Cross-check vs FRN revaluation,shock (cumulative change vs jump-off),-0.23,-0.06,0.1,0.1,0.1,-0.23,-0.2762,-0.20382,-0.124202,-0.036622
Leveraged loan indices (LLIs),Morningstar LSTA US Leveraged Loan nominal spread,Annual change,Basis points,Loan/HY spread factor — PC expansion anchor,APT factor,shock (cumulative change vs jump-off),200.0,200.0,-100.0,-100.0,-100.0,200.0,400.0,300.0,200.0,100.0
Leveraged loan indices (LLIs),Morningstar LSTA US BB Ratings Loan nominal spread,Annual change,Basis points,Loan/HY spread factor — PC expansion anchor,APT factor,shock (cumulative change vs jump-off),200.0,200.0,-100.0,-100.0,-100.0,200.0,400.0,300.0,200.0,100.0
Leveraged loan indices (LLIs),Morningstar European Leveraged Loan nominal spread,Annual change,Basis points,Loan/HY spread factor — PC expansion anchor,APT factor,shock (cumulative change vs jump-off),200.0,200.0,-100.0,-100.0,-100.0,200.0,400.0,300.0,200.0,100.0
Leveraged loan indices (LLIs),Morningstar European BB Ratings Loan nominal spread,Annual change,Basis points,Loan/HY spread factor — PC expansion anchor,APT factor,shock (cumulative change vs jump-off),200.0,200.0,-100.0,-100.0,-100.0,200.0,400.0,300.0,200.0,100.0
Collateralised loan obligations (CLOs),J.P. Morgan AAA CLO price index,Annual change,%,Securitised/CLO factor,APT factor,shock (cumulative change vs jump-off),-0.13,-0.05,0.05,0.05,0.04,-0.13,-0.1735,-0.132175,-0.088784,-0.052335
Credit default swaps (CDS),iTraxx EUR IG 5Y CDS spread,Annual change,Basis points,CDS spread factor,APT factor (hedge legs),shock (cumulative change vs jump-off),100.0,110.0,-50.0,-60.0,-50.0,100.0,210.0,160.0,100.0,50.0
Credit default swaps (CDS),iTraxx XOVER 5Y CDS spread,Annual change,Basis points,CDS spread factor,APT factor (hedge legs),shock (cumulative change vs jump-off),470.0,400.0,-200.0,-200.0,-200.0,470.0,870.0,670.0,470.0,270.0
Credit default swaps (CDS),CDX IG 5Y CDS spread,Annual change,Basis points,CDS spread factor,APT factor (hedge legs),shock (cumulative change vs jump-off),100.0,110.0,-50.0,-60.0,-50.0,100.0,210.0,160.0,100.0,50.0
Credit default swaps (CDS),CDX HY 5Y CDS spread,Annual change,Basis points,CDS spread factor,APT factor (hedge legs),shock (cumulative change vs jump-off),420.0,400.0,-200.0,-200.0,-200.0,420.0,820.0,620.0,420.0,220.0
UK government bond yields,3m government bond yield,Annual average level,%,Government curve node — GBP,APT factor,stressed LEVEL (subtract jump-off),0.061,0.071,0.061,0.05,0.04,0.066,0.071,0.061,0.05,0.04
UK government bond yields,1y government bond yield,Annual average level,%,Government curve node — GBP,APT factor,stressed LEVEL (subtract jump-off),0.065,0.072,0.062,0.051,0.041,0.0685,0.072,0.062,0.051,0.041
UK government bond yields,2y government bond yield,Annual average level,%,Government curve node — GBP,APT factor,stressed LEVEL (subtract jump-off),0.07,0.069,0.058,0.047,0.036,0.07,0.069,0.058,0.047,0.036
UK government bond yields,3y government bond yield,Annual average level,%,Government curve node — GBP,APT factor,stressed LEVEL (subtract jump-off),0.07,0.066,0.055,0.043,0.035,0.07,0.066,0.055,0.043,0.035
UK government bond yields,4y government bond yield,Annual average level,%,Government curve node — GBP,APT factor,stressed LEVEL (subtract jump-off),0.068,0.063,0.051,0.042,0.035,0.068,0.063,0.051,0.042,0.035
UK government bond yields,5y government bond yield,Annual average level,%,Government curve node — GBP,APT factor,stressed LEVEL (subtract jump-off),0.066,0.06,0.049,0.041,0.034,0.066,0.06,0.049,0.041,0.034
UK government bond yields,7y government bond yield,Annual average level,%,Government curve node — GBP,APT factor,stressed LEVEL (subtract jump-off),0.061,0.057,0.048,0.041,0.035,0.061,0.057,0.048,0.041,0.035
UK government bond yields,10y government bond yield,Annual average level,%,Government curve node — GBP,APT factor,stressed LEVEL (subtract jump-off),0.059,0.056,0.048,0.041,0.035,0.059,0.056,0.048,0.041,0.035
UK government bond yields,15y government bond yield,Annual average level,%,Government curve node — GBP,APT factor,stressed LEVEL (subtract jump-off),0.059,0.057,0.049,0.042,0.036,0.059,0.057,0.049,0.042,0.036
UK government bond yields,20y government bond yield,Annual average level,%,Government curve node — GBP,APT factor,stressed LEVEL (subtract jump-off),0.062,0.06,0.052,0.044,0.037,0.062,0.06,0.052,0.044,0.037
Real yields for UK government bonds,5y real government real bond yield,Annual average level,%,Government curve node — EUR (real),APT factor,stressed LEVEL (subtract jump-off),0.02,0.026,0.023,0.019,0.015,0.023,0.026,0.023,0.019,0.015
Real yields for UK government bonds,10y real government real bond yield,Annual average level,%,Government curve node — EUR (real),APT factor,stressed LEVEL (subtract jump-off),0.027,0.03,0.026,0.02,0.016,0.0285,0.03,0.026,0.02,0.016
Real yields for UK government bonds,20y real government real bond yield,Annual average level,%,Government curve node — EUR (real),APT factor,stressed LEVEL (subtract jump-off),0.036,0.038,0.031,0.024,0.018,0.037,0.038,0.031,0.024,0.018
SONIA,Overnight,Annual average level,%,Swap curve node — SONIA,APT factor,stressed LEVEL (subtract jump-off),0.06,0.07,0.06,0.05,0.04,0.065,0.07,0.06,0.05,0.04
SONIA,3m swap rate,Annual average level,%,Swap curve node — SONIA,APT factor,stressed LEVEL (subtract jump-off),0.06,0.07,0.06,0.05,0.04,0.065,0.07,0.06,0.05,0.04
SONIA,1y swap rate,Annual average level,%,Swap curve node — SONIA,APT factor,stressed LEVEL (subtract jump-off),0.064,0.071,0.061,0.05,0.04,0.0675,0.071,0.061,0.05,0.04
SONIA,2y swap rate,Annual average level,%,Swap curve node — SONIA,APT factor,stressed LEVEL (subtract jump-off),0.067,0.067,0.056,0.045,0.035,0.067,0.067,0.056,0.045,0.035
SONIA,3y swap rate,Annual average level,%,Swap curve node — SONIA,APT factor,stressed LEVEL (subtract jump-off),0.067,0.063,0.052,0.041,0.033,0.067,0.063,0.052,0.041,0.033
SONIA,4y swap rate,Annual average level,%,Swap curve node — SONIA,APT factor,stressed LEVEL (subtract jump-off),0.064,0.059,0.047,0.038,0.032,0.064,0.059,0.047,0.038,0.032
SONIA,5y swap rate,Annual average level,%,Swap curve node — SONIA,APT factor,stressed LEVEL (subtract jump-off),0.061,0.055,0.045,0.037,0.031,0.061,0.055,0.045,0.037,0.031
SONIA,7y swap rate,Annual average level,%,Swap curve node — SONIA,APT factor,stressed LEVEL (subtract jump-off),0.055,0.05,0.042,0.036,0.03,0.055,0.05,0.042,0.036,0.03
SONIA,10y swap rate,Annual average level,%,Swap curve node — SONIA,APT factor,stressed LEVEL (subtract jump-off),0.051,0.048,0.041,0.035,0.03,0.051,0.048,0.041,0.035,0.03
SONIA,15y swap rate,Annual average level,%,Swap curve node — SONIA,APT factor,stressed LEVEL (subtract jump-off),0.049,0.046,0.04,0.034,0.029,0.049,0.046,0.04,0.034,0.029
SONIA,20y swap rate,Annual average level,%,Swap curve node — SONIA,APT factor,stressed LEVEL (subtract jump-off),0.049,0.047,0.04,0.034,0.028,0.049,0.047,0.04,0.034,0.028
US government bond yields,3m government bond yield,Annual average level,%,Government curve node — USD,APT factor,stressed LEVEL (subtract jump-off),0.062,0.072,0.062,0.052,0.041,0.067,0.072,0.062,0.052,0.041
US government bond yields,1y government bond yield,Annual average level,%,Government curve node — USD,APT factor,stressed LEVEL (subtract jump-off),0.066,0.074,0.063,0.052,0.042,0.07,0.074,0.063,0.052,0.042
US government bond yields,2y government bond yield,Annual average level,%,Government curve node — USD,APT factor,stressed LEVEL (subtract jump-off),0.071,0.071,0.06,0.048,0.037,0.071,0.071,0.06,0.048,0.037
US government bond yields,3y government bond yield,Annual average level,%,Government curve node — USD,APT factor,stressed LEVEL (subtract jump-off),0.071,0.068,0.056,0.044,0.036,0.071,0.068,0.056,0.044,0.036
US government bond yields,4y government bond yield,Annual average level,%,Government curve node — USD,APT factor,stressed LEVEL (subtract jump-off),0.07,0.064,0.052,0.043,0.036,0.07,0.064,0.052,0.043,0.036
US government bond yields,5y government bond yield,Annual average level,%,Government curve node — USD,APT factor,stressed LEVEL (subtract jump-off),0.067,0.061,0.051,0.042,0.036,0.067,0.061,0.051,0.042,0.036
US government bond yields,7y government bond yield,Annual average level,%,Government curve node — USD,APT factor,stressed LEVEL (subtract jump-off),0.063,0.058,0.049,0.042,0.036,0.063,0.058,0.049,0.042,0.036
US government bond yields,10y government bond yield,Annual average level,%,Government curve node — USD,APT factor,stressed LEVEL (subtract jump-off),0.06,0.057,0.049,0.042,0.036,0.06,0.057,0.049,0.042,0.036
US government bond yields,15y government bond yield,Annual average level,%,Government curve node — USD,APT factor,stressed LEVEL (subtract jump-off),0.06,0.058,0.051,0.043,0.037,0.06,0.058,0.051,0.043,0.037
US government bond yields,20y government bond yield,Annual average level,%,Government curve node — USD,APT factor,stressed LEVEL (subtract jump-off),0.063,0.061,0.053,0.045,0.038,0.063,0.061,0.053,0.045,0.038
SOFR,Overnight,Annual average level,%,Swap curve node — SOFR,APT factor,stressed LEVEL (subtract jump-off),0.06,0.07,0.06,0.05,0.04,0.065,0.07,0.06,0.05,0.04
SOFR,3m swap rate,Annual average level,%,Swap curve node — SOFR,APT factor,stressed LEVEL (subtract jump-off),0.06,0.07,0.06,0.05,0.04,0.065,0.07,0.06,0.05,0.04
SOFR,1y swap rate,Annual average level,%,Swap curve node — SOFR,APT factor,stressed LEVEL (subtract jump-off),0.061,0.071,0.06,0.05,0.04,0.066,0.071,0.06,0.05,0.04
SOFR,2y swap rate,Annual average level,%,Swap curve node — SOFR,APT factor,stressed LEVEL (subtract jump-off),0.064,0.071,0.061,0.051,0.04,0.0675,0.071,0.061,0.051,0.04
SOFR,3y swap rate,Annual average level,%,Swap curve node — SOFR,APT factor,stressed LEVEL (subtract jump-off),0.068,0.068,0.057,0.046,0.035,0.068,0.068,0.057,0.046,0.035
SOFR,4y swap rate,Annual average level,%,Swap curve node — SOFR,APT factor,stressed LEVEL (subtract jump-off),0.067,0.064,0.052,0.041,0.033,0.067,0.064,0.052,0.041,0.033
SOFR,5y swap rate,Annual average level,%,Swap curve node — SOFR,APT factor,stressed LEVEL (subtract jump-off),0.065,0.059,0.048,0.039,0.032,0.065,0.059,0.048,0.039,0.032
SOFR,7y swap rate,Annual average level,%,Swap curve node — SOFR,APT factor,stressed LEVEL (subtract jump-off),0.061,0.055,0.045,0.037,0.032,0.061,0.055,0.045,0.037,0.032
SOFR,10y swap rate,Annual average level,%,Swap curve node — SOFR,APT factor,stressed LEVEL (subtract jump-off),0.056,0.051,0.043,0.036,0.031,0.056,0.051,0.043,0.036,0.031
SOFR,15y swap rate,Annual average level,%,Swap curve node — SOFR,APT factor,stressed LEVEL (subtract jump-off),0.052,0.048,0.041,0.035,0.03,0.052,0.048,0.041,0.035,0.03
SOFR,20y swap rate,Annual average level,%,Swap curve node — SOFR,APT factor,stressed LEVEL (subtract jump-off),0.05,0.047,0.041,0.035,0.03,0.05,0.047,0.041,0.035,0.03
German government bond yields,3m government bond yield,Annual average level,%,Government curve node — EUR,APT factor,stressed LEVEL (subtract jump-off),0.041,0.051,0.041,0.031,0.02,0.046,0.051,0.041,0.031,0.02
German government bond yields,1y government bond yield,Annual average level,%,Government curve node — EUR,APT factor,stressed LEVEL (subtract jump-off),0.045,0.053,0.042,0.031,0.021,0.049,0.053,0.042,0.031,0.021
German government bond yields,2y government bond yield,Annual average level,%,Government curve node — EUR,APT factor,stressed LEVEL (subtract jump-off),0.05,0.05,0.039,0.027,0.016,0.05,0.05,0.039,0.027,0.016
German government bond yields,3y government bond yield,Annual average level,%,Government curve node — EUR,APT factor,stressed LEVEL (subtract jump-off),0.05,0.047,0.035,0.023,0.015,0.05,0.047,0.035,0.023,0.015
German government bond yields,4y government bond yield,Annual average level,%,Government curve node — EUR,APT factor,stressed LEVEL (subtract jump-off),0.048,0.043,0.031,0.022,0.015,0.048,0.043,0.031,0.022,0.015
German government bond yields,5y government bond yield,Annual average level,%,Government curve node — EUR,APT factor,stressed LEVEL (subtract jump-off),0.046,0.04,0.03,0.021,0.015,0.046,0.04,0.03,0.021,0.015
German government bond yields,7y government bond yield,Annual average level,%,Government curve node — EUR,APT factor,stressed LEVEL (subtract jump-off),0.042,0.037,0.028,0.021,0.015,0.042,0.037,0.028,0.021,0.015
German government bond yields,10y government bond yield,Annual average level,%,Government curve node — EUR,APT factor,stressed LEVEL (subtract jump-off),0.039,0.036,0.028,0.021,0.015,0.039,0.036,0.028,0.021,0.015
German government bond yields,15y government bond yield,Annual average level,%,Government curve node — EUR,APT factor,stressed LEVEL (subtract jump-off),0.039,0.037,0.029,0.022,0.016,0.039,0.037,0.029,0.022,0.016
German government bond yields,20y government bond yield,Annual average level,%,Government curve node — EUR,APT factor,stressed LEVEL (subtract jump-off),0.042,0.04,0.032,0.024,0.017,0.042,0.04,0.032,0.024,0.017
Euribor,Overnight,Annual average level,%,Swap curve node — Euribor,APT factor,stressed LEVEL (subtract jump-off),0.04,0.05,0.04,0.03,0.02,0.045,0.05,0.04,0.03,0.02
Euribor,3m swap rate,Annual average level,%,Swap curve node — Euribor,APT factor,stressed LEVEL (subtract jump-off),0.041,0.051,0.041,0.03,0.02,0.046,0.051,0.041,0.03,0.02
Euribor,1y swap rate,Annual average level,%,Swap curve node — Euribor,APT factor,stressed LEVEL (subtract jump-off),0.045,0.052,0.042,0.031,0.021,0.0485,0.052,0.042,0.031,0.021
Euribor,2y swap rate,Annual average level,%,Swap curve node — Euribor,APT factor,stressed LEVEL (subtract jump-off),0.049,0.049,0.038,0.027,0.016,0.049,0.049,0.038,0.027,0.016
Euribor,3y swap rate,Annual average level,%,Swap curve node — Euribor,APT factor,stressed LEVEL (subtract jump-off),0.049,0.045,0.034,0.023,0.015,0.049,0.045,0.034,0.023,0.015
Euribor,4y swap rate,Annual average level,%,Swap curve node — Euribor,APT factor,stressed LEVEL (subtract jump-off),0.047,0.042,0.03,0.021,0.014,0.047,0.042,0.03,0.021,0.014
Euribor,5y swap rate,Annual average level,%,Swap curve node — Euribor,APT factor,stressed LEVEL (subtract jump-off),0.044,0.038,0.028,0.02,0.014,0.044,0.038,0.028,0.02,0.014
Euribor,7y swap rate,Annual average level,%,Swap curve node — Euribor,APT factor,stressed LEVEL (subtract jump-off),0.039,0.035,0.026,0.02,0.014,0.039,0.035,0.026,0.02,0.014
Euribor,10y swap rate,Annual average level,%,Swap curve node — Euribor,APT factor,stressed LEVEL (subtract jump-off),0.036,0.033,0.026,0.02,0.015,0.036,0.033,0.026,0.02,0.015
Euribor,15y swap rate,Annual average level,%,Swap curve node — Euribor,APT factor,stressed LEVEL (subtract jump-off),0.035,0.033,0.026,0.021,0.015,0.035,0.033,0.026,0.021,0.015
Euribor,20y swap rate,Annual average level,%,Swap curve node — Euribor,APT factor,stressed LEVEL (subtract jump-off),0.037,0.035,0.028,0.022,0.016,0.037,0.035,0.028,0.022,0.016
Derived — private credit expansion,Private credit DM — senior middle-market direct lending,Derived (beta x LL spread),Basis points,Private credit DM factor,APT factor (custom),shock (cumulative change vs jump-off),,,,,,150.0,300.0,225.0,150.0,75.0
Derived — private credit expansion,Private credit DM — unitranche,Derived (beta x LL spread),Basis points,Private credit DM factor,APT factor (custom),shock (cumulative change vs jump-off),,,,,,170.0,340.0,255.0,170.0,85.0
Derived — private credit expansion,Private credit DM — junior / mezzanine,Derived (beta x LL spread),Basis points,Private credit DM factor,APT factor (custom),shock (cumulative change vs jump-off),,,,,,200.0,400.0,300.0,200.0,100.0
Derived — private credit expansion,"Sensitivity: senior DM, low beta",Derived (beta x LL spread),Basis points,Private credit DM factor,APT factor (custom),shock (cumulative change vs jump-off),,,,,,120.0,240.0,180.0,120.0,60.0
Derived — private credit expansion,"Sensitivity: senior DM, high beta (PC = BSL)",Derived (beta x LL spread),Basis points,Private credit DM factor,APT factor (custom),shock (cumulative change vs jump-off),,,,,,200.0,400.0,300.0,200.0,100.0
